dns.msftncsi.com,20
www.msftncsi.com,20
wpad,20
WPAD,20
download.windowsupdate.com,20
eboduftazce-ru.com,20
rsymdhk.info,32
liyahhb.info,32
usmkecy.info,32
guqstpy.info,32
nqqxqdg.info,32
xnwwbmg.info,32
axsbjnc.info,32
lecajst.info,32
www.download.windowsupdate.com,20
lroqojg.info,32
rqedqrd.info,32
udududu.info,32
jlqlrlq.info,32
tdmuddb.info,32
raemscf.info,32
smclmfc.info,32
wnywaia.info,32
fvffynt.info,32
gfnxxrt.info,32
svxutcm.info,32
ujolyif.info,32
gfsrfgr.info,32
urkaelt.info,32
fwakadj.info,32
bbtaafm.info,32
vroukdd.info,32
njkyhle.info,32
txerrhc.info,32
tfkyjyi.info,32
vekqwdk.info,32
bgnqado.info,32
oaoyorw.info,32
pbchjln.info,32
bprcfos.info,32
LECAJST.INFO,32
LROQOJG.INFO,32
UDUDUDU.INFO,32
WNYWAIA.INFO,32
RQEDQRD.INFO,32
RAEMSCF.INFO,32
GFNXXRT.INFO,32
BPRCFOS.INFO,32
PBCHJLN.INFO,32
LIYAHHB.INFO,32
FWAKADJ.INFO,32
AXSBJNC.INFO,32
BBTAAFM.INFO,32
VROUKDD.INFO,32
OAOYORW.INFO,32
TXERRHC.INFO,32
XNWWBMG.INFO,32
TDMUDDB.INFO,32
UJOLYIF.INFO,32
FVFFYNT.INFO,32
JLQLRLQ.INFO,32
TFKYJYI.INFO,32
BGNQADO.INFO,32
USMKECY.INFO,32
NJKYHLE.INFO,32
RSYMDHK.INFO,32
SMCLMFC.INFO,32
SVXUTCM.INFO,32
GFSRFGR.INFO,32
SHWVLGX.INFO,32
VYIJWXJ.INFO,32
UDSUVTB.INFO,32
GREQLRO.INFO,32
XBRGCDE.INFO,32
CCRELKS.INFO,32
JUKYHQV.INFO,32
SSACQHL.INFO,32
CRGFVYM.INFO,32
QDKCKEM.INFO,32
KENTPMW.INFO,32
TGEVMTK.INFO,32
QXJHENW.INFO,32
WLWLWLW.INFO,32
QNBFNWU.INFO,32
CWQQRWT.INFO,32
NGXFIHG.INFO,32
QJRTSAM.INFO,32
FDMNFXA.INFO,32
HSEUPSN.INFO,32
PWIQWIX.INFO,32
IJLESYV.INFO,32
OFQJQGS.INFO,32
MUEATGP.INFO,32
VQWDDVG.INFO,32
BMAYYBR.INFO,32
HQJLVOQ.INFO,32
VTTVVTT.INFO,32
NVTDERS.INFO,32
OLSDHWA.INFO,32
JVYQIPB.INFO,32
ODSHYTL.INFO,32
EAHCOIU.INFO,32
UPSNUSF.INFO,32
NGGOATX.INFO,32
WTLIVMC.INFO,32
OBGLXPP.INFO,32
TFFCNBK.INFO,32
YWAUSJH.INFO,32
UTIFWUH.INFO,32
FTTEGSF.INFO,32
NMGXBCT.INFO,32
DMCOJIY.INFO,32
OYGEQWB.INFO,32
GVVJTMV.INFO,32
PIIMBWG.INFO,32
OFBSXYR.INFO,32
EDAEDBF.INFO,32
HFYJREW.INFO,32
LAETMSV.INFO,32
VMWWLLP.INFO,32
OGUIWQS.INFO,32
JWWXLBK.INFO,32
AIFFGSB.INFO,32
JUTHKRU.INFO,32
HDEKXPO.INFO,32
VSHPRFF.INFO,32
SQQOKUS.INFO,32
EUJJCNX.INFO,32
XQOBYSP.INFO,32
JNKJYYI.INFO,32
WEIKTUJ.INFO,32
FUPGHIE.INFO,32
NQTSQQT.INFO,32
WPPCYUC.INFO,32
OYVQCYW.INFO,32
KPAFTYJ.INFO,32
GSJYQBT.INFO,32
WNXEQYY.INFO,32
GDIFRNC.INFO,32
LFHJHPE.INFO,32
MNVPMCE.INFO,32
QODDRNV.INFO,32
KHMQLCP.INFO,32
TNYLEGD.INFO,32
UHAEFDK.INFO,32
FSNJUGD.INFO,32
PIKKBWC.INFO,32
KVUBLXW.INFO,32
DWMUHCY.INFO,32
KOCVVAV.INFO,32
KNBLCNB.INFO,32
LHMVIYO.INFO,32
IFKCCXV.INFO,32
ELRFGTQ.INFO,32
MMBBFDL.INFO,32
THUJTHU.INFO,32
JIUWKHV.INFO,32
STHIRXG.INFO,32
UWYXWMW.INFO,32
LGOSMGN.INFO,32
FUTTJWX.INFO,32
APCSQDG.INFO,32
RRCHKIU.INFO,32
KLQPBEP.INFO,32
XUYSVWW.INFO,32
XTIACYF.INFO,32
PWRIXCS.INFO,32
EYXNSIH.INFO,32
SJIYCSY.INFO,32
RHKOGLN.INFO,32
QCFQUJG.INFO,32
EVKQROC.INFO,32
GFUSYYF.INFO,32
WJJTXIF.INFO,32
LYALKAY.INFO,32
CLMKWGH.INFO,32
DXPWGRO.INFO,32
VPARGXK.INFO,32
XVIKJMG.INFO,32
BJPXDKR.INFO,32
QSSIHTU.INFO,32
SCLFGLC.INFO,32
UWBPXOJ.INFO,32
YIYJBWM.INFO,32
MQQWWYP.INFO,32
TMLGVYD.INFO,32
dhehuvm.info,32
iwwlbnh.info,32
cntcngf.info,32
agckqyi.info,32
kwaqtgj.info,32
wnckhxn.info,32
cgikmos.info,32
sbyeyey.info,32
jdtvbrr.info,32
xkcibkc.info,32
ikjydim.info,32
rovjwoy.info,32
forbepq.info,32
kvgisow.info,32
cutxrai.info,32
nkwhjes.info,32
nsaxvkt.info,32
twuofoo.info,32
grgqggt.info,32
KCJNGVF.INFO,32
ROVJWOY.INFO,32
CUTXRAI.INFO,32
DHEHUVM.INFO,32
XKCIBKC.INFO,32
NSAXVKT.INFO,32
ODXIECK.INFO,32
LLUUJEF.INFO,32
YTKEUSL.INFO,32
LHXDGAL.INFO,32
CNTCNGF.INFO,32
CGIKMOS.INFO,32
NKXAPAM.INFO,32
WNCKHXN.INFO,32
NKWHJES.INFO,32
LCVNKDP.INFO,32
NIVFJNG.INFO,32
FDLSVEK.INFO,32
IKJYDIM.INFO,32
TWUOFOO.INFO,32
WHUIYFW.INFO,32
KWAQTGJ.INFO,32
JDTVBRR.INFO,32
SQMAVSE.INFO,32
AGCKQYI.INFO,32
GEWOLWN.INFO,32
SBYEYEY.INFO,32
FORBEPQ.INFO,32
IWWLBNH.INFO,32
PNMUGAW.INFO,32
QEXSBQY.INFO,32
DVRBPYY.INFO,32
KVGISOW.INFO,32
wqsdqil.info,32
jsbcsmk.info,32
mxhhulp.info,32
cgtwnpa.info,32
shfurih.info,32
tlorqyl.info,32
kusqcut.info,32
pqqixah.info,32
bflryvw.info,32
brgmxnh.info,32
eyeyhlb.info,32
FLODSUF.INFO,32
BULLMGO.INFO,32
BFLRYVW.INFO,32
XQNIJJH.INFO,32
UYXYXYX.INFO,32
GKTAVYV.INFO,32
TLORQYL.INFO,32
BRGMXNH.INFO,32
OWJGIJG.INFO,32
THGNNRR.INFO,32
WQSDQIL.INFO,32
KUSQCUT.INFO,32
WMVGMXD.INFO,32
RFRETLT.INFO,32
GRGQGGT.INFO,32
IHHEKVT.INFO,32
KTAKPXV.INFO,32
ONWEGYO.INFO,32
RFJVDOP.INFO,32
EYEYHLB.INFO,32
WXIEYXT.INFO,32
LGKXBRA.INFO,32
BLOXCKS.INFO,32
XXWXQYA.INFO,32
RSQUPUO.INFO,32
GLHJUYJ.INFO,32
XEKQYTY.INFO,32
OSRQYFS.INFO,32
JSBCSMK.INFO,32
CGTWNPA.INFO,32
OGMRKAI.INFO,32
RYTUGHU.INFO,32
PQQIXAH.INFO,32
IDKNJXF.INFO,32
BHNTAIM.INFO,32
SHFURIH.INFO,32
QDRUYHM.INFO,32
MPEQVGS.INFO,32
VKXVEUG.INFO,32
BHEBAHX.INFO,32
MXHHULP.INFO,32
XMEYFJD.INFO,32
UVWXUVW.INFO,32
SQHKMHN.INFO,32
VGRMGJL.INFO,32
DRKJQEX.INFO,32
PSIEBBH.INFO,32
IHKEUJO.INFO,32
PYITFVG.INFO,32
IULANBF.INFO,32
XYVBXCK.INFO,32
QYBDHJM.INFO,32
UNWKWLY.INFO,32
XXIMWGT.INFO,32
VDXXYVB.INFO,32
ONTKYDE.INFO,32
DSTOBHL.INFO,32
ASSWOQA.INFO,32
WJNGCDM.INFO,32
SOWFHTX.INFO,32
LYMBJST.INFO,32
VCDYNUN.INFO,32
FGBQBAW.INFO,32
GWDGVMQ.INFO,32
ANTTQAN.INFO,32
XIEJAMU.INFO,32
KKOKVGM.INFO,32
GSIURDC.INFO,32
XMSUMQN.INFO,32
YGYGYGF.INFO,32
VOMMHBT.INFO,32
WIKPSQC.INFO,32
BSSLJXW.INFO,32
VTYIIER.INFO,32
USRMBHD.INFO,32
GRGRGRG.INFO,32
FADJFAU.INFO,32
LLAXKMY.INFO,32
JVJUOTO.INFO,32
WOQVNBH.INFO,32
RPJHARK.INFO,32
WGOWGPG.INFO,32
JOMYQHN.INFO,32
MFEALYA.INFO,32
OJPJOJP.INFO,32
TPPXGPW.INFO,32
SKFWRGV.INFO,32
KAQMDYG.INFO,32
EUTHGCG.INFO,32
BPDPRNS.INFO,32
NQEBOGQ.INFO,32
RJEVKAO.INFO,32
MECNXXS.INFO,32
FEBNAYK.INFO,32
JGKJJJC.INFO,32
LGKUHGJ.INFO,32
RLRSDUM.INFO,32
TMDJPGF.INFO,32
KCYRJDB.INFO,32
ILBRNPX.INFO,32
PQYQGIS.INFO,32
FKGWMPG.INFO,32
BEEWKGH.INFO,32
XKSXWUJ.INFO,32
FADDAKP.INFO,32
UWUHUIU.INFO,32
RIIRAVR.INFO,32
MBSRYTI.INFO,32
MNJNNPC.INFO,32
NKWDWKE.INFO,32
GXPOUXQ.INFO,32
EMTJALL.INFO,32
OFXEHIY.INFO,32
RNXRCVI.INFO,32
KMERDWE.INFO,32
CCROMXD.INFO,32
RHNTIWE.INFO,32
BLKHNFC.INFO,32
SHFOFOF.INFO,32
OIBWNJA.INFO,32
NMRHUDE.INFO,32
QBNUDKW.INFO,32
RFRETDT.INFO,32
MEYQLFB.INFO,32
FUYAJWU.INFO,32
PYQNMWM.INFO,32
XMNYTDE.INFO,32
HUIUXIK.INFO,32
RUQAKFB.INFO,32
DLVVODH.INFO,32
VWDWDAP.INFO,32
WLCFHXM.INFO,32
rfretlt.info,32
qdruyhm.info,32
wmvgmxd.info,32
XBMPYAE.INFO,32
AYRCKLC.INFO,32
IQPJSUR.INFO,32
TMEODFP.INFO,32
JXMAJXY.INFO,32
RBYXFRA.INFO,32
LWPSAFO.INFO,32
PHUXUFT.INFO,32
FBUQRWT.INFO,32
YCNMXMA.INFO,32
PBMJLDT.INFO,32
HIQLBDX.INFO,32
FYFVKWK.INFO,32
TYXVRLH.INFO,32
YLHKMER.INFO,32
CCAECIN.INFO,32
PNFCQMG.INFO,32
MNKEEOM.INFO,32
NOPYLJK.INFO,32
FMWTFRK.INFO,32
JQDNUOW.INFO,32
CGYTFJK.INFO,32
FYJMXBK.INFO,32
TGIKKTQ.INFO,32
TKQPLVC.INFO,32
BAVWHTR.INFO,32
EJLEPVO.INFO,32
EEKKOLX.INFO,32
MPEUSQP.INFO,32
LYALNAC.INFO,32
APWPXRU.INFO,32
AJKYYKM.INFO,32
BROTPLM.INFO,32
VKXJELN.INFO,32
BSHHEMO.INFO,32
SMDOJLO.INFO,32
EEQKUOY.INFO,32
BUUONQT.INFO,32
HGNUPLN.INFO,32
WHWGCFC.INFO,32
MVBLLAA.INFO,32
TOOTVLE.INFO,32
RGXDAFM.INFO,32
FSXAQKH.INFO,32
SKNRFBL.INFO,32
KICQUXB.INFO,32
OGREOGR.INFO,32
PAGOUBF.INFO,32
QVDWNXA.INFO,32
FDQSBKK.INFO,32
AWDWDDQ.INFO,32
PTWVDCH.INFO,32
DHTNIPH.INFO,32
UCKQVBL.INFO,32
SKVGDDJ.INFO,32
LKUDEXH.INFO,32
FVGSKTI.INFO,32
UBFLTAM.INFO,32
UOHBVNI.INFO,32
XEKUJUI.INFO,32
MLTLNQD.INFO,32
QEJKLLF.INFO,32
QMFGVMS.INFO,32
YEJSAGK.INFO,32
HASOIYT.INFO,32
NJBHEJB.INFO,32
UMRFXXJ.INFO,32
FJJNHSL.INFO,32
KQFWXTF.INFO,32
GVEIUNP.INFO,32
TOTHVWH.INFO,32
YBJMXCI.INFO,32
NNKKTJE.INFO,32
GWPYRHM.INFO,32
OGWXVDP.INFO,32
IINCVSS.INFO,32
NWGNVGP.INFO,32
TGYLKCI.INFO,32
DWNHEVO.INFO,32
DNVTOWY.INFO,32
EPOUIQS.INFO,32
UUVSUXV.INFO,32
EMEMETI.INFO,32
XICMGVS.INFO,32
IFWRJEM.INFO,32
JGPWVQF.INFO,32
KXHDJBK.INFO,32
PISKATP.INFO,32
WMQFQXI.INFO,32
BNMBILH.INFO,32
OFWDUVS.INFO,32
TSOAYAO.INFO,32
SYBTPTQ.INFO,32
TJQFAIC.INFO,32
QXGQLKQ.INFO,32
VJGITQS.INFO,32
MBRDTBR.INFO,32
PJTRMTC.INFO,32
ARXCSOH.INFO,32
VQBLGJL.INFO,32
HPHPHWW.INFO,32
RBQMTJY.INFO,32
EVHVHVH.INFO,32
GMIFURJ.INFO,32
VUUMLGK.INFO,32
YWOGVIS.INFO,32
DQWYNGN.INFO,32
MBVEOUQ.INFO,32
ETCBVGS.INFO,32
YWLUMDK.INFO,32
FFHCFFH.INFO,32
JRMUDCP.INFO,32
TQSNJFA.INFO,32
YYYRQED.INFO,32
QRDEPHP.INFO,32
YVYUBTB.INFO,32
VHVKIGH.INFO,32
GGIFLVP.INFO,32
CMRCOKY.INFO,32
UNLXVPM.INFO,32
AWOFQHG.INFO,32
FEFMEGJ.INFO,32
OIDEMDR.INFO,32
PAVGXKD.INFO,32
MBKDMBK.INFO,32
GYQJYPH.INFO,32
FUJNQGH.INFO,32
MJGMFTQ.INFO,32
PPGBBHU.INFO,32
FOOMGWX.INFO,32
CFQHNFI.INFO,32
DDBVRNY.INFO,32
YFPOCMM.INFO,32
TXXQIVF.INFO,32
AUYXIXH.INFO,32
LOXLFJR.INFO,32
BUEUEUE.INFO,32
IBATTGW.INFO,32
SXNHEJY.INFO,32
OBPKLSI.INFO,32
KKAHMEY.INFO,32
ISNMUDD.INFO,32
YIDNHVP.INFO,32
HGOMBYU.INFO,32
WKTPNOV.INFO,32
JDEICNW.INFO,32
XFCLOVP.INFO,32
FRTCMMF.INFO,32
LSRNWDD.INFO,32
UEUHBSR.INFO,32
UEJQVDC.INFO,32
XAPQXUD.INFO,32
NXWCOJG.INFO,32
NERIVOI.INFO,32
BBGRREJ.INFO,32
SOBVSII.INFO,32
KKKJNKN.INFO,32
HYYRIMO.INFO,32
RIQKPKO.INFO,32
SWSVUUU.INFO,32
RNSNRQK.INFO,32
VCQLSCT.INFO,32
BUBUBUB.INFO,32
OHNESFU.INFO,32
GWGWGWG.INFO,32
EHIMMUN.INFO,32
LIITIJN.INFO,32
XXUISSV.INFO,32
OBJJDFK.INFO,32
PQCDORB.INFO,32
FWHJGUK.INFO,32
EINPJXR.INFO,32
CPIGOAU.INFO,32
EFQRDXH.INFO,32
GBAAONN.INFO,32
TDGGXTM.INFO,32
UWVWUWK.INFO,32
NFBEPKL.INFO,32
WFOVWAC.INFO,32
WFMFNFM.INFO,32
XJIISKE.INFO,32
KWRFJGB.INFO,32
DFYLLGV.INFO,32
CLLXXKM.INFO,32
MRGVOPV.INFO,32
MRGAEFX.INFO,32
UMUNUMX.INFO,32
WSWRWVW.INFO,32
RHWLRRF.INFO,32
WJHFBKR.INFO,32
EEEEEKR.INFO,32
ASGWKBQ.INFO,32
RCUXJRF.INFO,32
WYJQVDO.INFO,32
NRAEGIK.INFO,32
NGGIFIV.INFO,32
DEFLXPQ.INFO,32
RLWIYBI.INFO,32
UINLHVM.INFO,32
JNAQPQX.INFO,32
BAUMEHU.INFO,32
DUFBAIN.INFO,32
KYJYIBH.INFO,32
RTFGSSG.INFO,32
IOMTQYX.INFO,32
AQVXOIJ.INFO,32
VDTWPJT.INFO,32
GACQALW.INFO,32
YCHVMMH.INFO,32
SQLBDIO.INFO,32
VXJKWWK.INFO,32
CAXFQLJ.INFO,32
VCIMAVO.INFO,32
XOJNGSA.INFO,32
OCLQKKP.INFO,32
RSAJDHL.INFO,32
WCDLTRN.INFO,32
FXKURVI.INFO,32
GTEGACJ.INFO,32
XMPUKIQ.INFO,32
XTNCXUB.INFO,32
QQQPQQQ.INFO,32
NHKGVDE.INFO,32
ORJVACU.INFO,32
TGVQUBQ.INFO,32
FJMDRTC.INFO,32
JXYAXAW.INFO,32
WJQOPTJ.INFO,32
NJJRHML.INFO,32
RATXVOF.INFO,32
XQDKIUV.INFO,32
ITUGQFQ.INFO,32
CFMARVY.INFO,32
XNPJPIP.INFO,32
SBMTTMX.INFO,32
VNUWSOA.INFO,32
MCBONBC.INFO,32
BMFQJLB.INFO,32
QYVSDJI.INFO,32
QCIHDPN.INFO,32
GHWYNSP.INFO,32
FOFOFUS.INFO,32
HMYCTQP.INFO,32
WXAUHKS.INFO,32
HDPGDFJ.INFO,32
JPCCTOG.INFO,32
YJOQIGX.INFO,32
APYGLTX.INFO,32
VLKPJWG.INFO,32
KEGODNO.INFO,32
HGWGVGW.INFO,32
IDUJNMI.INFO,32
DFOEFJY.INFO,32
KWJXRVW.INFO,32
HSXLBXY.INFO,32
FLQKKFD.INFO,32
DHUEGDE.INFO,32
HTEKVBP.INFO,32
DSUKMCH.INFO,32
BTFQJRE.INFO,32
NRTHSBP.INFO,32
FFXSBMI.INFO,32
XCULRXI.INFO,32
QODUHYL.INFO,32
UCBONBF.INFO,32
WYARIKU.INFO,32
UUHHTQX.INFO,32
LDDUUMM.INFO,32
UKIWYVY.INFO,32
PWQWPAQ.INFO,32
ROSGAIE.INFO,32
WGAGAGA.INFO,32
NXAKDRP.INFO,32
ALTYLGW.INFO,32
UENJGPY.INFO,32
EPIWEQN.INFO,32
OXQWQVS.INFO,32
FCSOGEG.INFO,32
OABNNBA.INFO,32
VYIOWBJ.INFO,32
EYXCQJK.INFO,32
CEOANAE.INFO,32
KYCXWQW.INFO,32
AJMPQTL.INFO,32
NRAGMYM.INFO,32
MAHFEYL.INFO,32
LYKYDQT.INFO,32
GXAXDNK.INFO,32
IJUVHKT.INFO,32
OFELIPM.INFO,32
UGPQOCR.INFO,32
VTHSHXB.INFO,32
GDKVXCX.INFO,32
GAGKHKG.INFO,32
ULOMTHX.INFO,32
FRKLRYK.INFO,32
HQNDAPO.INFO,32
xyedoiq.info,32
eetnmnj.info,32
pkphovs.info,32
dcuuojg.info,32
goiqgol.info,32
xawmsuk.info,32
duphctt.info,32
pbsejlf.info,32
lcjhxri.info,32
yjelcje.info,32
kumrekx.info,32
nisitkq.info,32
jldqtxn.info,32
kvwcbjf.info,32
itkskrh.info,32
iiydlbv.info,32
aocqnfe.info,32
dyxdotj.info,32
jlbkuwx.info,32
WTEQPWF.INFO,32
TFFCTBN.INFO,32
DYXDOTJ.INFO,32
VGCREWJ.INFO,32
KVWCBJF.INFO,32
VMTPLWM.INFO,32
YJELCJE.INFO,32
HJTGBAG.INFO,32
SYEBUCP.INFO,32
ITKSKRH.INFO,32
EJTTQTS.INFO,32
PKPHOVS.INFO,32
AOCQNFE.INFO,32
JLDQTXN.INFO,32
THWJTHO.INFO,32
PHQTWMD.INFO,32
IIYDLBV.INFO,32
NISITKQ.INFO,32
XGRLFRY.INFO,32
GUYCRMO.INFO,32
GOIQGOL.INFO,32
AEHTCDB.INFO,32
LCJHXRI.INFO,32
KUMREKX.INFO,32
DUPHCTT.INFO,32
PBSEJLF.INFO,32
XVEPKRW.INFO,32
FRCLBSF.INFO,32
XYEDOIQ.INFO,32
EETNMNJ.INFO,32
RQUWCYF.INFO,32
DCUUOJG.INFO,32
XAWMSUK.INFO,32
dnkhpxo.info,32
prceqqg.info,32
iyyspah.info,32
svqmoxm.info,32
odsqiqj.info,32
rekeqxw.info,32
prprviu.info,32
llwuyla.info,32
rctcser.info,32
byfejjn.info,32
odgtasa.info,32
xeelipo.info,32
oqjaacu.info,32
KYJYIBX.INFO,32
IXIXIXI.INFO,32
DTHQKUY.INFO,32
IYYSPAH.INFO,32
RCTCSER.INFO,32
VICBOVU.INFO,32
DBIYAIR.INFO,32
MHHVGDB.INFO,32
CAQBTWQ.INFO,32
REKEQXW.INFO,32
ODGTASA.INFO,32
BIEIEIE.INFO,32
PRPRVIU.INFO,32
BYFEJJN.INFO,32
ORVLBYT.INFO,32
SWRYQYP.INFO,32
GGYGXAO.INFO,32
NDUUSMR.INFO,32
RDRMBGW.INFO,32
LKDJWLW.INFO,32
BUNHCTO.INFO,32
SVQMOXM.INFO,32
CBOPRPR.INFO,32
GMKFRXF.INFO,32
VJWSSCT.INFO,32
IEIHUTJ.INFO,32
ODSQIQJ.INFO,32
XEELIPO.INFO,32
KTTFXCE.INFO,32
DNKHPXO.INFO,32
JLBKUWX.INFO,32
TJASWYQ.INFO,32
PRCEQQG.INFO,32
LLWUYLA.INFO,32
OQJAACU.INFO,32
UXFUQUH.INFO,32
DUHPPOG.INFO,32
RFOEODQ.INFO,32
YURCNBS.INFO,32
GVSRURT.INFO,32
ABFTQBL.INFO,32
PDXTFIQ.INFO,32
EALUQQX.INFO,32
QPQSDYH.INFO,32
DLJXYKN.INFO,32
MBDIWNT.INFO,32
KQWDJGJ.INFO,32
PNTRAKA.INFO,32
YHXHTYK.INFO,32
DNCPBSA.INFO,32
YPNAIKI.INFO,32
IAYGVYF.INFO,32
AJPQPQP.INFO,32
LSIBFRK.INFO,32
MCLCKER.INFO,32
ETXKPBJ.INFO,32
GJGJGJJ.INFO,32
MQEHXXV.INFO,32
DTIONAG.INFO,32
UKFRNOT.INFO,32
KLHIUHB.INFO,32
OPKUBAA.INFO,32
KWLSOPV.INFO,32
FDKXRIR.INFO,32
DRVDOGH.INFO,32
MVWRHQR.INFO,32
LOGMRNC.INFO,32
JSIUHUW.INFO,32
FXRSSUJ.INFO,32
QUPAJFC.INFO,32
COEQIFJ.INFO,32
USKAKPO.INFO,32
FWKKHSK.INFO,32
WRTPUTR.INFO,32
GLMGWYI.INFO,32
VLURPVD.INFO,32
LPLSAFM.INFO,32
KYPPODJ.INFO,32
TXUBWXO.INFO,32
RBENTTX.INFO,32
WIJEOCM.INFO,32
IHXEKBT.INFO,32
YRNCOEQ.INFO,32
LCFCIXP.INFO,32
XJJTXRB.INFO,32
WPSJQDP.INFO,32
DTDSDTD.INFO,32
XCEOQKS.INFO,32
NWHQWGQ.INFO,32
DRUAMBH.INFO,32
IJVVJAP.INFO,32
LQKTOVX.INFO,32
AGSMYQJ.INFO,32
GUIAQOB.INFO,32
SDIQUEP.INFO,32
JGHPDEV.INFO,32
UMLWVLE.INFO,32
VJAWGUK.INFO,32
NUQNYWV.INFO,32
VGBBHRP.INFO,32
HVELRJM.INFO,32
OVLRMHE.INFO,32
YQMXECP.INFO,32
TMRMTHK.INFO,32
LFKNJAO.INFO,32
VXIMWWJ.INFO,32
NDFAHBV.INFO,32
LLAWKMS.INFO,32
LXYCFPT.INFO,32
HUJIUWK.INFO,32
DYNJEXO.INFO,32
IBRHLJS.INFO,32
DJNIDOV.INFO,32
NWTDVHK.INFO,32
IXXMJWY.INFO,32
SLIATNX.INFO,32
LFAPKXQ.INFO,32
MARTMRJ.INFO,32
DBSVOJY.INFO,32
LQVSSHP.INFO,32
WWDYFHT.INFO,32
CVJLPEL.INFO,32
EYGKNKR.INFO,32
RGTQVBU.INFO,32
UULAKFH.INFO,32
JIRDSVD.INFO,32
SAYRMHB.INFO,32
KGRBUJP.INFO,32
ANKXBMO.INFO,32
GEOSSOB.INFO,32
AJTDJSD.INFO,32
ECVMPTH.INFO,32
cboprpr.info,32
ylhkmer.info,32
mpeusqp.info,32
ejlepvo.info,32
pbmjldt.info,32
fmwtfrk.info,32
fsxaqkh.info,32
ptwvdch.info,32
eekkolx.info,32
pnfcqmg.info,32
ayrcklc.info,32
fyjmxbk.info,32
qvdwnxa.info,32
uckqvbl.info,32
brotplm.info,32
rbyxfra.info,32
lyalnac.info,32
ajkyykm.info,32
phuxuft.info,32
iqpjsur.info,32
bshhemo.info,32
mnkeeom.info,32
pagoubf.info,32
lkudexh.info,32
tmeodfp.info,32
nopyljk.info,32
ogreogr.info,32
sknrfbl.info,32
mltlnqd.info,32
fvgskti.info,32
qejkllf.info,32
yejsagk.info,32
buuonqt.info,32
ubfltam.info,32
ssacqhl.info,32
qdkckem.info,32
oygeqwb.info,32
ywausjh.info,32
qxjhenw.info,32
jvyqipb.info,32
crgfvym.info,32
greqlro.info,32
wlwlwlw.info,32
dmcojiy.info,32
odshytl.info,32
tffcnbk.info,32
laetmsv.info,32
nvtders.info,32
xbrgcde.info,32
piimbwg.info,32
qnbfnwu.info,32
obglxpp.info,32
mueatgp.info,32
ofbsxyr.info,32
edaedbf.info,32
ngxfihg.info,32
vmwwllp.info,32
tgevmtk.info,32
shwvlgx.info,32
ijlesyv.info,32
cwqqrwt.info,32
wtlivmc.info,32
eahcoiu.info,32
vqwddvg.info,32
utifwuh.info,32
bmayybr.info,32
gvvjtmv.info,32
nraegik.info,32
pqcdorb.info,32
eeeeekr.info,32
fwhjguk.info,32
liitijn.info,32
xmpukiq.info,32
xtncxub.info,32
wfmfnfm.info,32
mrgaefx.info,32
tdggxtm.info,32
xjiiske.info,32
mrgvopv.info,32
gbaaonn.info,32
caxfqlj.info,32
ychvmmh.info,32
nhkgvde.info,32
wswrwvw.info,32
wjhfbkr.info,32
deflxpq.info,32
uwvwuwk.info,32
rlwiybi.info,32
wcdltrn.info,32
vcimavo.info,32
vdtwpjt.info,32
rhwlrrf.info,32
kwrfjgb.info,32
fjmdrtc.info,32
wjqoptj.info,32
dufbain.info,32
kyjyibh.info,32
gacqalw.info,32
uinlhvm.info,32
rtfgssg.info,32
flodsuf.info,32
idknjxf.info,32
owjgijg.info,32
ihhekvt.info,32
bullmgo.info,32
uyxyxyx.info,32
asswoqa.info,32
mpeqvgs.info,32
wxieyxt.info,32
xqnijjh.info,32
glhjuyj.info,32
lgkxbra.info,32
ktakpxv.info,32
xxwxqya.info,32
vcdynun.info,32
vkxveug.info,32
ogmrkai.info,32
thgnnrr.info,32
xekqyty.info,32
rytughu.info,32
vgrmgjl.info,32
rfjvdop.info,32
rsqupuo.info,32
bloxcks.info,32
gktavyv.info,32
xmeyfjd.info,32
bhntaim.info,32
onwegyo.info,32
gwdgvmq.info,32
dstobhl.info,32
drkjqex.info,32
bhebahx.info,32
osrqyfs.info,32
vicbovu.info,32
vjwssct.info,32
gmkfrxf.info,32
dbiyair.info,32
ixixixi.info,32
rdrmbgw.info,32
kwlsopv.info,32
orvlbyt.info,32
swryqyp.info,32
ieihutj.info,32
bieieie.info,32
gvsrurt.info,32
lkdjwlw.info,32
nduusmr.info,32
pdxtfiq.info,32
yhxhtyk.info,32
kyjyibx.info,32
tjaswyq.info,32
rfoeodq.info,32
ggygxao.info,32
bunhcto.info,32
mbdiwnt.info,32
mhhvgdb.info,32
yurcnbs.info,32
abftqbl.info,32
uxfuquh.info,32
duhppog.info,32
drvdogh.info,32
kttfxce.info,32
dthqkuy.info,32
caqbtwq.info,32
mvwrhqr.info,32
ypnaiki.info,32
mvbllaa.info,32
smdojlo.info,32
kicquxb.info,32
tootvle.info,32
qmfgvms.info,32
vkxjeln.info,32
dnvtowy.info,32
fjjnhsl.info,32
rgxdafm.info,32
hgnupln.info,32
hasoiyt.info,32
dhtniph.info,32
njbhejb.info,32
ifwrjem.info,32
dwnhevo.info,32
gwpyrhm.info,32
skvgddj.info,32
uohbvni.info,32
awdwddq.info,32
eeqkuoy.info,32
fdqsbkk.info,32
ememeti.info,32
whwgcfc.info,32
xicmgvs.info,32
xekujui.info,32
mbrdtbr.info,32
bnmbilh.info,32
qxgqlkq.info,32
vjgitqs.info,32
tsoayao.info,32
kxhdjbk.info,32
umrfxxj.info,32
sybtptq.info,32
qjrtsam.info,32
fdmnfxa.info,32
ccrelks.info,32
hqjlvoq.info,32
hseupsn.info,32
eujjcnx.info,32
gdifrnc.info,32
kentpmw.info,32
vyijwxj.info,32
jukyhqv.info,32
olsdhwa.info,32
vttvvtt.info,32
pwiqwix.info,32
dwmuhcy.info,32
juthkru.info,32
lfhjhpe.info,32
upsnusf.info,32
ofqjqgs.info,32
fttegsf.info,32
hfyjrew.info,32
nmgxbct.info,32
oyvqcyw.info,32
xqobysp.info,32
lhmviyo.info,32
udsuvtb.info,32
nggoatx.info,32
fsnjugd.info,32
weiktuj.info,32
knblcnb.info,32
hdekxpo.info,32
aiffgsb.info,32
jnkjyyi.info,32
gsjyqbt.info,32
fxkurvi.info,32
jxyaxaw.info,32
njjrhml.info,32
vxjkwwk.info,32
orjvacu.info,32
aqvxoij.info,32
vlkpjwg.info,32
mcbonbc.info,32
sqlbdio.info,32
qqqpqqq.info,32
iomtqyx.info,32
gtegacj.info,32
xojngsa.info,32
hmyctqp.info,32
kwjxrvw.info,32
jnaqpqx.info,32
rsajdhl.info,32
xqdkiuv.info,32
tgvqubq.info,32
ratxvof.info,32
btfqjre.info,32
qoduhyl.info,32
htekvbp.info,32
apygltx.info,32
ghwynsp.info,32
baumehu.info,32
oclqkkp.info,32
wxauhks.info,32
vnuwsoa.info,32
cfmarvy.info,32
qcihdpn.info,32
kegodno.info,32
hdpgdfj.info,32
vshprff.info,32
fupghie.info,32
ifkccxv.info,32
mnvpmce.info,32
qoddrnv.info,32
pikkbwc.info,32
vpargxk.info,32
xuysvww.info,32
nqtsqqt.info,32
kpaftyj.info,32
jwwxlbk.info,32
wppcyuc.info,32
eyxnsih.info,32
tmlgvyd.info,32
oguiwqs.info,32
kocvvav.info,32
wnxeqyy.info,32
sqqokus.info,32
kvublxw.info,32
khmqlcp.info,32
tnylegd.info,32
dxpwgro.info,32
sthirxg.info,32
uhaefdk.info,32
lyalkay.info,32
mmbbfdl.info,32
xvikjmg.info,32
qssihtu.info,32
qcfqujg.info,32
mqqwwyp.info,32
sjiycsy.info,32
xtiacyf.info,32
uwyxwmw.info,32
fofofus.info,32
hgwgvgw.info,32
jpcctog.info,32
xnpjpip.info,32
bmfqjlb.info,32
idujnmi.info,32
dfoefjy.info,32
nragmym.info,32
ugpqocr.info,32
dsukmch.info,32
itugqfq.info,32
hsxlbxy.info,32
sbmttmx.info,32
flqkkfd.info,32
yjoqigx.info,32
uuhhtqx.info,32
nxakdrp.info,32
mahfeyl.info,32
ffxsbmi.info,32
xculrxi.info,32
qyvsdji.info,32
nrthsbp.info,32
dhuegde.info,32
ulomthx.info,32
ofelipm.info,32
ukiwyvy.info,32
oxqwqvs.info,32
vyiowbj.info,32
oabnnba.info,32
ucbonbf.info,32
fcsogeg.info,32
wyariku.info,32
eyxcqjk.info,32
grgrgrg.info,32
rjevkao.info,32
euthgcg.info,32
bssljxw.info,32
jgkjjjc.info,32
rpjhark.info,32
nkwdwke.info,32
tmdjpgf.info,32
rlrsdum.info,32
woqvnbh.info,32
kkokvgm.info,32
mnjnnpc.info,32
rfretdt.info,32
lgkuhgj.info,32
kcyrjdb.info,32
nqebogq.info,32
bpdprns.info,32
fadjfau.info,32
shfofof.info,32
gsiurdc.info,32
ilbrnpx.info,32
emtjall.info,32
llaxkmy.info,32
qbnudkw.info,32
fkgwmpg.info,32
vommhbt.info,32
dlvvodh.info,32
kmerdwe.info,32
blkhnfc.info,32
gxpouxq.info,32
ofxehiy.info,32
ccromxd.info,32
pqyqgis.info,32
vlurpvd.info,32
dtdsdtd.info,32
sdiquep.info,32
kyppodj.info,32
djnidov.info,32
vgbbhrp.info,32
druambh.info,32
wpsjqdp.info,32
jsiuhuw.info,32
xceoqks.info,32
lplsafm.info,32
rbenttx.info,32
uskakpo.info,32
jirdsvd.info,32
lfknjao.info,32
qupajfc.info,32
lqktovx.info,32
ijvvjap.info,32
vjawguk.info,32
lcfcixp.info,32
cvjlpel.info,32
kgrbujp.info,32
geossob.info,32
glmgwyi.info,32
wijeocm.info,32
tmrmthk.info,32
sayrmhb.info,32
ovlrmhe.info,32
sliatnx.info,32
dynjexo.info,32
lfapkxq.info,32
martmrj.info,32
ajtdjsd.info,32
rbqmtjy.info,32
oidemdr.info,32
ppgbbhu.info,32
mjgmftq.info,32
fujnqgh.info,32
yvyubtb.info,32
yfpocmm.info,32
xapqxud.info,32
qrdephp.info,32
mbveouq.info,32
yyyrqed.info,32
tqsnjfa.info,32
evhvhvh.info,32
sxnhejy.info,32
uejqvdc.info,32
gmifurj.info,32
hphphww.info,32
vuumlgk.info,32
vhvkigh.info,32
ggiflvp.info,32
vcqlsct.info,32
hgombyu.info,32
jrmudcp.info,32
foomgwx.info,32
txxqivf.info,32
bububub.info,32
hyyrimo.info,32
bbgrrej.info,32
frtcmmf.info,32
auyxixh.info,32
yidnhvp.info,32
obpklsi.info,32
riqkpko.info,32
sclfglc.info,32
lgosmgn.info,32
rhkogln.info,32
clmkwgh.info,32
uwbpxoj.info,32
wjjtxif.info,32
kcjngvf.info,32
dvrbpyy.info,32
pwrixcs.info,32
futtjwx.info,32
evkqroc.info,32
jiuwkhv.info,32
thujthu.info,32
lcvnkdp.info,32
whuiyfw.info,32
klqpbep.info,32
rrchkiu.info,32
elrfgtq.info,32
apcsqdg.info,32
gfusyyf.info,32
lluujef.info,32
gewolwn.info,32
bjpxdkr.info,32
sqmavse.info,32
fdlsvek.info,32
yiyjbwm.info,32
odxieck.info,32
pnmugaw.info,32
lhxdgal.info,32
ytkeusl.info,32
nkxapam.info,32
qexsbqy.info,32
nivfjng.info,32
rosgaie.info,32
altylgw.info,32
frklryk.info,32
gdkvxcx.info,32
vthshxb.info,32
thwjtho.info,32
pwqwpaq.info,32
frclbsf.info,32
ijuvhkt.info,32
uenjgpy.info,32
gagkhkg.info,32
wgagaga.info,32
lykydqt.info,32
tffctbn.info,32
syebucp.info,32
hqndapo.info,32
ldduumm.info,32
ajmpqtl.info,32
kycxwqw.info,32
ceoanae.info,32
vgcrewj.info,32
guycrmo.info,32
epiweqn.info,32
gxaxdnk.info,32
ejttqts.info,32
hjtgbag.info,32
rquwcyf.info,32
vmtplwm.info,32
wteqpwf.info,32
xgrlfry.info,32
xvepkrw.info,32
aehtcdb.info,32
phqtwmd.info,32
oibwnja.info,32
xmnytde.info,32
huiuxik.info,32
uwuhuiu.info,32
vwdwdap.info,32
tgikktq.info,32
rhntiwe.info,32
tkqplvc.info,32
riiravr.info,32
rnxrcvi.info,32
meyqlfb.info,32
beewkgh.info,32
mbsryti.info,32
ycnmxma.info,32
pyqnmwm.info,32
faddakp.info,32
nmrhude.info,32
xksxwuj.info,32
fuyajwu.info,32
hiqlbdx.info,32
wlcfhxm.info,32
jxmajxy.info,32
ruqakfb.info,32
apwpxru.info,32
ccaecin.info,32
fbuqrwt.info,32
fyfvkwk.info,32
xbmpyae.info,32
jqdnuow.info,32
cgytfjk.info,32
lwpsafo.info,32
tyxvrlh.info,32
bavwhtr.info,32
yqmxecp.info,32
eygknkr.info,32
lqvsshp.info,32
ecvmpth.info,32
rgtqvbu.info,32
lxycfpt.info,32
uulakfh.info,32
nwtdvhk.info,32
llawkms.info,32
vximwwj.info,32
ndfahbv.info,32
wwdyfht.info,32
ibrhljs.info,32
dbsvojy.info,32
hujiuwk.info,32
hvelrjm.info,32
ankxbmo.info,32
ixxmjwy.info,32
isnmudd.info,32
wktpnov.info,32
ohnesfu.info,32
sobvsii.info,32
jdeicnw.info,32
ueuhbsr.info,32
wyjqvdo.info,32
swsvuuu.info,32
nxwcojg.info,32
kkahmey.info,32
xfclovp.info,32
nerivoi.info,32
efqrdxh.info,32
lsrnwdd.info,32
loxlfjr.info,32
kkkjnkn.info,32
bueueue.info,32
rnsnrqk.info,32
dfyllgv.info,32
asgwkbq.info,32
nggifiv.info,32
umunumx.info,32
gwgwgwg.info,32
ibattgw.info,32
objjdfk.info,32
einpjxr.info,32
cllxxkm.info,32
xxuissv.info,32
wfovwac.info,32
nfbepkl.info,32
ehimmun.info,32
rcuxjrf.info,32
cpigoau.info,32
kqwdjgj.info,32
gjgjgjj.info,32
mclcker.info,32
etxkpbj.info,32
klhiuhb.info,32
txubwxo.info,32
logmrnc.info,32
pntraka.info,32
dncpbsa.info,32
ajpqpqp.info,32
dljxykn.info,32
qpqsdyh.info,32
fdkxrir.info,32
agsmyqj.info,32
fwkkhsk.info,32
mqehxxv.info,32
iaygvyf.info,32
ukfrnot.info,32
ihxekbt.info,32
fxrssuj.info,32
ealuqqx.info,32
dtionag.info,32
opkubaa.info,32
lsibfrk.info,32
yrncoeq.info,32
nwhqwgq.info,32
xjjtxrb.info,32
guiaqob.info,32
coeqifj.info,32
nuqnywv.info,32
GUQSTPY.INFO,32
NQQXQDG.INFO,32
jghpdev.info,32
wrtputr.info,32
umlwvle.info,32
tothvwh.info,32
pjtrmtc.info,32
wmqfqxi.info,32
piskatp.info,32
arxcsoh.info,32
cfqhnfi.info,32
ywlumdk.info,32
tjqfaic.info,32
ogwxvdp.info,32
iincvss.info,32
ybjmxci.info,32
nwgnvgp.info,32
nnkktje.info,32
mbkdmbk.info,32
etcbvgs.info,32
jgpwvqf.info,32
kqfwxtf.info,32
epouiqs.info,32
tgylkci.info,32
gveiunp.info,32
gyqjyph.info,32
fefmegj.info,32
uuvsuxv.info,32
ofwduvs.info,32
pavgxkd.info,32
vqblgjl.info,32
ywogvis.info,32
ffhcffh.info,32
dqwyngn.info,32
cmrcoky.info,32
awofqhg.info,32
unlxvpm.info,32
ddbvrny.info,32
xximwgt.info,32
pyitfvg.info,32
sowfhtx.info,32
fgbqbaw.info,32
jvjuoto.info,32
iulanbf.info,32
uvwxuvw.info,32
vdxxyvb.info,32
lymbjst.info,32
xyvbxck.info,32
unwkwly.info,32
qybdhjm.info,32
sqhkmhn.info,32
ojpjojp.info,32
anttqan.info,32
ihkeujo.info,32
ontkyde.info,32
wjngcdm.info,32
psiebbh.info,32
skfwrgv.info,32
mfealya.info,32
tppxgpw.info,32
vtyiier.info,32
febnayk.info,32
xiejamu.info,32
wgowgpg.info,32
xmsumqn.info,32
ygygygf.info,32
jomyqhn.info,32
mecnxxs.info,32
usrmbhd.info,32
wikpsqc.info,32
kaqmdyg.info,32
-,
